Customer_Id,Transaction_Id,Item,Date,Quantity,Amount
1039,1,Beef,2024-01-01 01:00:00,2,31.84
1039,1,Chicken,2024-01-01 01:00:00,3,74.29
1039,1,Fish,2024-01-01 01:00:00,1,94.16
1042,2,Apples,2024-01-01 02:00:00,3,73.85
1042,2,Tea,2024-01-01 02:00:00,3,96.57
1003,3,Sugar,2024-01-01 03:00:00,1,95.06
1003,3,Tea,2024-01-01 03:00:00,1,73.07
1050,4,Yogurt,2024-01-01 04:00:00,2,52.65
1050,4,Milk,2024-01-01 04:00:00,1,42.33
1008,5,Apples,2024-01-01 05:00:00,3,34.27
1008,5,Bananas,2024-01-01 05:00:00,1,46.23
1008,5,Oranges,2024-01-01 05:00:00,2,69.52
1036,6,Sugar,2024-01-01 06:00:00,2,111.82
1036,6,Milk,2024-01-01 06:00:00,3,22.39
1036,6,Tea,2024-01-01 06:00:00,3,82.92
1017,7,Oranges,2024-01-01 07:00:00,3,120.62
1041,8,Eggs,2024-01-01 08:00:00,3,129.01
1041,8,Butter,2024-01-01 08:00:00,2,23.36
1041,8,Flour,2024-01-01 08:00:00,3,53.54
1022,9,Sugar,2024-01-01 09:00:00,3,88.57
1022,9,Coffee,2024-01-01 09:00:00,3,26.74
1015,10,Bread,2024-01-01 10:00:00,3,38.43
1013,11,Tea,2024-01-01 11:00:00,1,52.67
1013,11,Butter,2024-01-01 11:00:00,2,81.5
1013,11,Oranges,2024-01-01 11:00:00,1,77.88
1015,12,Eggs,2024-01-01 12:00:00,3,55.25
1015,12,Butter,2024-01-01 12:00:00,1,66.54
1015,12,Flour,2024-01-01 12:00:00,2,146.05
1019,13,Apples,2024-01-01 13:00:00,2,30.29
1019,13,Pasta,2024-01-01 13:00:00,2,147.99
1022,14,Sugar,2024-01-01 14:00:00,3,124.3
1022,14,Tea,2024-01-01 14:00:00,1,31.1
1036,15,Sugar,2024-01-01 15:00:00,3,109.56
1036,15,Coffee,2024-01-01 15:00:00,3,41.71
1040,16,Sugar,2024-01-01 16:00:00,3,141.14
1040,16,Tea,2024-01-01 16:00:00,1,104.6
1009,17,Apples,2024-01-01 17:00:00,1,58.89
1009,17,Fish,2024-01-01 17:00:00,3,129.89
1011,18,Milk,2024-01-01 18:00:00,1,32.63
1011,18,Bread,2024-01-01 18:00:00,2,103.66
1011,18,Butter,2024-01-01 18:00:00,2,11.29
1018,19,Sugar,2024-01-01 19:00:00,2,86.82
1018,19,Coffee,2024-01-01 19:00:00,2,72.78
1022,20,Yogurt,2024-01-01 20:00:00,2,92.58
1046,21,Yogurt,2024-01-01 21:00:00,1,133.69
1046,21,Bananas,2024-01-01 21:00:00,1,143.43
1046,21,Oranges,2024-01-01 21:00:00,1,69.95
1002,22,Cheese,2024-01-01 22:00:00,2,113.71
1002,22,Bananas,2024-01-01 22:00:00,1,29.13
1002,22,Eggs,2024-01-01 22:00:00,2,60.33
1050,23,Apples,2024-01-01 23:00:00,1,95.61
1050,23,Bananas,2024-01-01 23:00:00,2,10.73
1050,23,Oranges,2024-01-01 23:00:00,1,37.2
1028,24,Sugar,2024-01-02 00:00:00,2,23.16
1028,24,Coffee,2024-01-02 00:00:00,3,104.08
1022,25,Eggs,2024-01-02 01:00:00,2,130.46
1022,25,Butter,2024-01-02 01:00:00,1,15.23
1022,25,Flour,2024-01-02 01:00:00,2,52.46
1044,26,Cheese,2024-01-02 02:00:00,1,74.02
1044,26,Pasta,2024-01-02 02:00:00,2,17.24
1016,27,Sugar,2024-01-02 03:00:00,1,145.74
1016,27,Coffee,2024-01-02 03:00:00,2,55.21
1005,28,Eggs,2024-01-02 04:00:00,2,112.21
1005,28,Apples,2024-01-02 04:00:00,3,44.68
1005,28,Butter,2024-01-02 04:00:00,3,116.1
1048,29,Cheese,2024-01-02 05:00:00,1,76.29
1048,29,Coffee,2024-01-02 05:00:00,1,75.05
1048,29,Pasta,2024-01-02 05:00:00,1,65.79
1048,29,Eggs,2024-01-02 05:00:00,2,142.88
1033,30,Sugar,2024-01-02 06:00:00,1,123.57
1033,30,Beef,2024-01-02 06:00:00,3,141.81
1033,30,Rice,2024-01-02 06:00:00,3,124.86
1010,31,Coffee,2024-01-02 07:00:00,2,57.69
1010,31,Milk,2024-01-02 07:00:00,3,49.46
1010,31,Eggs,2024-01-02 07:00:00,2,107.54
1010,31,Sugar,2024-01-02 07:00:00,1,141.13
1010,31,Bread,2024-01-02 07:00:00,1,122.49
1024,32,Eggs,2024-01-02 08:00:00,3,148.67
1024,32,Butter,2024-01-02 08:00:00,2,45.0
1024,32,Flour,2024-01-02 08:00:00,3,140.31
1009,33,Flour,2024-01-02 09:00:00,3,143.95
1047,34,Sugar,2024-01-02 10:00:00,1,22.84
1047,34,Tea,2024-01-02 10:00:00,1,87.52
1039,35,Cheese,2024-01-02 11:00:00,1,140.33
1039,35,Pasta,2024-01-02 11:00:00,2,18.06
1029,36,Cheese,2024-01-02 12:00:00,3,108.82
1029,36,Pasta,2024-01-02 12:00:00,3,30.02
1022,37,Pasta,2024-01-02 13:00:00,1,142.61
1049,38,Fish,2024-01-02 14:00:00,1,131.6
1049,38,Tea,2024-01-02 14:00:00,2,71.09
1014,39,Oranges,2024-01-02 15:00:00,3,73.64
1023,40,Rice,2024-01-02 16:00:00,1,138.14
1023,40,Chicken,2024-01-02 16:00:00,2,143.06
1020,41,Chicken,2024-01-02 17:00:00,1,105.86
1018,42,Sugar,2024-01-02 18:00:00,3,111.6
1018,42,Coffee,2024-01-02 18:00:00,3,138.68
1005,43,Milk,2024-01-02 19:00:00,3,67.58
1005,43,Bread,2024-01-02 19:00:00,2,123.48
1005,43,Eggs,2024-01-02 19:00:00,3,31.06
1027,44,Yogurt,2024-01-02 20:00:00,1,127.37
1027,44,Milk,2024-01-02 20:00:00,2,15.16
1003,45,Cheese,2024-01-02 21:00:00,1,91.92
1003,45,Bread,2024-01-02 21:00:00,1,142.27
1003,45,Pasta,2024-01-02 21:00:00,2,62.9
1003,45,Sugar,2024-01-02 21:00:00,1,73.08
1031,46,Sugar,2024-01-02 22:00:00,3,104.02
1031,46,Coffee,2024-01-02 22:00:00,2,76.67
1031,46,Eggs,2024-01-02 22:00:00,3,82.82
1034,47,Eggs,2024-01-02 23:00:00,2,95.13
1034,47,Oranges,2024-01-02 23:00:00,2,64.91
1038,48,Milk,2024-01-03 00:00:00,1,119.71
1038,48,Bread,2024-01-03 00:00:00,2,97.09
1038,48,Eggs,2024-01-03 00:00:00,3,107.67
1047,49,Apples,2024-01-03 01:00:00,1,74.42
1047,49,Chicken,2024-01-03 01:00:00,3,66.04
1050,50,Sugar,2024-01-03 02:00:00,1,36.92
1050,50,Cheese,2024-01-03 02:00:00,3,125.05
1050,50,Bread,2024-01-03 02:00:00,2,49.0
1050,50,Tea,2024-01-03 02:00:00,1,14.45
1026,51,Cheese,2024-01-03 03:00:00,2,61.0
1026,51,Pasta,2024-01-03 03:00:00,2,56.21
1022,52,Eggs,2024-01-03 04:00:00,3,81.63
1022,52,Butter,2024-01-03 04:00:00,3,138.92
1022,52,Flour,2024-01-03 04:00:00,1,10.36
1003,53,Rice,2024-01-03 05:00:00,3,128.22
1013,54,Eggs,2024-01-03 06:00:00,1,105.07
1045,55,Sugar,2024-01-03 07:00:00,2,94.81
1031,56,Rice,2024-01-03 08:00:00,3,127.92
1031,56,Coffee,2024-01-03 08:00:00,3,83.43
1031,56,Chicken,2024-01-03 08:00:00,1,147.53
1031,56,Milk,2024-01-03 08:00:00,3,135.53
1015,57,Sugar,2024-01-03 09:00:00,3,90.03
1015,57,Cheese,2024-01-03 09:00:00,3,127.4
1015,57,Coffee,2024-01-03 09:00:00,1,36.19
1015,57,Tea,2024-01-03 09:00:00,2,109.53
1036,58,Sugar,2024-01-03 10:00:00,1,84.56
1036,58,Cheese,2024-01-03 10:00:00,1,61.69
1036,58,Tea,2024-01-03 10:00:00,2,86.8
1002,59,Milk,2024-01-03 11:00:00,1,29.44
1002,59,Bread,2024-01-03 11:00:00,1,116.43
1002,59,Eggs,2024-01-03 11:00:00,3,76.24
1049,60,Sugar,2024-01-03 12:00:00,1,126.29
1049,60,Coffee,2024-01-03 12:00:00,2,27.4
1019,61,Oranges,2024-01-03 13:00:00,3,98.73
1002,62,Beef,2024-01-03 14:00:00,2,19.33
1029,63,Coffee,2024-01-03 15:00:00,1,84.68
1029,63,Milk,2024-01-03 15:00:00,3,90.24
1029,63,Apples,2024-01-03 15:00:00,1,31.23
1029,63,Oranges,2024-01-03 15:00:00,1,108.98
1029,63,Bananas,2024-01-03 15:00:00,3,114.15
1005,64,Rice,2024-01-03 16:00:00,3,115.65
1005,64,Chicken,2024-01-03 16:00:00,2,124.98
1015,65,Sugar,2024-01-03 17:00:00,1,85.58
1015,65,Tea,2024-01-03 17:00:00,1,42.1
1040,66,Milk,2024-01-03 18:00:00,2,24.11
1040,66,Chicken,2024-01-03 18:00:00,1,12.54
1037,67,Eggs,2024-01-03 19:00:00,1,33.17
1040,68,Apples,2024-01-03 20:00:00,3,65.86
1040,68,Bananas,2024-01-03 20:00:00,1,114.19
1040,68,Oranges,2024-01-03 20:00:00,2,122.4
1018,69,Yogurt,2024-01-03 21:00:00,3,113.25
1018,69,Milk,2024-01-03 21:00:00,1,92.19
1018,69,Coffee,2024-01-03 21:00:00,3,73.34
1018,69,Sugar,2024-01-03 21:00:00,3,44.75
1024,70,Sugar,2024-01-03 22:00:00,1,60.74
1024,70,Tea,2024-01-03 22:00:00,3,48.86
1007,71,Milk,2024-01-03 23:00:00,1,144.55
1007,71,Bread,2024-01-03 23:00:00,1,88.02
1007,71,Eggs,2024-01-03 23:00:00,2,21.95
1016,72,Sugar,2024-01-04 00:00:00,3,19.2
1034,73,Sugar,2024-01-04 01:00:00,1,13.55
1034,73,Beef,2024-01-04 01:00:00,2,131.38
1034,73,Flour,2024-01-04 01:00:00,1,87.24
1008,74,Apples,2024-01-04 02:00:00,2,57.5
1008,74,Bananas,2024-01-04 02:00:00,1,35.0
1008,74,Oranges,2024-01-04 02:00:00,1,87.94
1036,75,Pasta,2024-01-04 03:00:00,1,69.0
1036,75,Bananas,2024-01-04 03:00:00,2,137.49
1036,75,Tea,2024-01-04 03:00:00,1,57.85
1012,76,Milk,2024-01-04 04:00:00,1,58.33
1012,76,Bread,2024-01-04 04:00:00,2,60.79
1012,76,Eggs,2024-01-04 04:00:00,1,51.23
1009,77,Cheese,2024-01-04 05:00:00,2,100.31
1009,77,Sugar,2024-01-04 05:00:00,2,147.82
1034,78,Milk,2024-01-04 06:00:00,1,66.73
1034,78,Bread,2024-01-04 06:00:00,2,126.16
1034,78,Eggs,2024-01-04 06:00:00,3,24.92
1010,79,Yogurt,2024-01-04 07:00:00,1,127.33
1010,79,Milk,2024-01-04 07:00:00,1,63.64
1010,79,Sugar,2024-01-04 07:00:00,2,69.09
1036,80,Rice,2024-01-04 08:00:00,3,44.35
1036,80,Chicken,2024-01-04 08:00:00,1,127.19
1039,81,Sugar,2024-01-04 09:00:00,3,142.9
1039,81,Tea,2024-01-04 09:00:00,3,102.91
1017,82,Chicken,2024-01-04 10:00:00,1,79.37
1035,83,Eggs,2024-01-04 11:00:00,3,20.89
1035,83,Butter,2024-01-04 11:00:00,3,48.1
1035,83,Flour,2024-01-04 11:00:00,2,24.43
1031,84,Coffee,2024-01-04 12:00:00,1,116.27
1031,84,Tea,2024-01-04 12:00:00,1,106.92
1031,84,Milk,2024-01-04 12:00:00,2,147.28
1031,84,Butter,2024-01-04 12:00:00,2,78.52
1031,84,Bread,2024-01-04 12:00:00,3,107.04
1007,85,Eggs,2024-01-04 13:00:00,2,26.87
1007,85,Cheese,2024-01-04 13:00:00,3,51.63
1007,85,Butter,2024-01-04 13:00:00,2,69.05
1007,85,Flour,2024-01-04 13:00:00,1,76.39
1025,86,Sugar,2024-01-04 14:00:00,1,97.62
1025,86,Apples,2024-01-04 14:00:00,1,96.22
1025,86,Chicken,2024-01-04 14:00:00,2,68.45
1039,87,Milk,2024-01-04 15:00:00,2,59.1
1039,87,Bread,2024-01-04 15:00:00,2,22.4
1039,87,Tea,2024-01-04 15:00:00,2,77.18
1039,87,Eggs,2024-01-04 15:00:00,1,91.31
1025,88,Yogurt,2024-01-04 16:00:00,3,68.99
1025,88,Milk,2024-01-04 16:00:00,1,112.52
1046,89,Chicken,2024-01-04 17:00:00,3,69.89
1046,89,Fish,2024-01-04 17:00:00,1,64.83
1046,89,Eggs,2024-01-04 17:00:00,3,142.99
1046,89,Beef,2024-01-04 17:00:00,1,46.26
1046,89,Sugar,2024-01-04 17:00:00,2,147.53
1026,90,Milk,2024-01-04 18:00:00,1,36.1
1026,90,Apples,2024-01-04 18:00:00,3,125.67
1026,90,Flour,2024-01-04 18:00:00,1,18.1
1013,91,Coffee,2024-01-04 19:00:00,1,85.18
1025,92,Cheese,2024-01-04 20:00:00,2,130.7
1025,92,Bread,2024-01-04 20:00:00,1,56.07
1025,92,Pasta,2024-01-04 20:00:00,1,87.12
1048,93,Milk,2024-01-04 21:00:00,1,135.23
1048,93,Chicken,2024-01-04 21:00:00,1,129.17
1048,93,Fish,2024-01-04 21:00:00,1,77.28
1048,93,Beef,2024-01-04 21:00:00,1,136.91
1048,93,Sugar,2024-01-04 21:00:00,3,58.69
1019,94,Milk,2024-01-04 22:00:00,1,32.03
1019,94,Bread,2024-01-04 22:00:00,1,56.76
1019,94,Butter,2024-01-04 22:00:00,1,107.65
1023,95,Rice,2024-01-04 23:00:00,2,28.04
1023,95,Chicken,2024-01-04 23:00:00,3,42.01
1023,95,Tea,2024-01-04 23:00:00,3,32.51
1030,96,Yogurt,2024-01-05 00:00:00,3,85.78
1030,96,Flour,2024-01-05 00:00:00,2,57.86
1017,97,Cheese,2024-01-05 01:00:00,2,109.2
1017,97,Milk,2024-01-05 01:00:00,2,58.42
1017,97,Coffee,2024-01-05 01:00:00,2,20.46
1017,97,Pasta,2024-01-05 01:00:00,2,132.02
1034,98,Flour,2024-01-05 02:00:00,2,75.6
1028,99,Cheese,2024-01-05 03:00:00,1,142.11
1028,99,Bananas,2024-01-05 03:00:00,1,99.39
1028,99,Flour,2024-01-05 03:00:00,2,116.41
1038,100,Milk,2024-01-05 04:00:00,3,114.42
1038,100,Bread,2024-01-05 04:00:00,3,14.36
1038,100,Butter,2024-01-05 04:00:00,1,110.09
1046,101,Beef,2024-01-05 05:00:00,2,116.54
1046,101,Bread,2024-01-05 05:00:00,3,121.55
1046,101,Chicken,2024-01-05 05:00:00,1,137.66
1046,101,Fish,2024-01-05 05:00:00,2,96.33
1008,102,Tea,2024-01-05 06:00:00,3,147.81
1038,103,Cheese,2024-01-05 07:00:00,1,15.55
1038,103,Coffee,2024-01-05 07:00:00,2,114.88
1038,103,Pasta,2024-01-05 07:00:00,1,43.89
1038,103,Sugar,2024-01-05 07:00:00,1,89.93
1020,104,Rice,2024-01-05 08:00:00,1,88.35
1020,104,Chicken,2024-01-05 08:00:00,2,55.7
1030,105,Milk,2024-01-05 09:00:00,1,125.43
1030,105,Bread,2024-01-05 09:00:00,2,65.57
1030,105,Butter,2024-01-05 09:00:00,2,146.85
1034,106,Eggs,2024-01-05 10:00:00,2,33.45
1034,106,Butter,2024-01-05 10:00:00,1,143.22
1034,106,Flour,2024-01-05 10:00:00,1,108.91
1031,107,Rice,2024-01-05 11:00:00,1,109.27
1031,107,Chicken,2024-01-05 11:00:00,2,97.54
1023,108,Cheese,2024-01-05 12:00:00,1,77.1
1023,108,Milk,2024-01-05 12:00:00,3,40.69
1023,108,Tea,2024-01-05 12:00:00,3,75.83
1021,109,Eggs,2024-01-05 13:00:00,3,68.23
1034,110,Flour,2024-01-05 14:00:00,2,101.7
1037,111,Rice,2024-01-05 15:00:00,1,19.68
1037,111,Oranges,2024-01-05 15:00:00,1,44.61
1040,112,Pasta,2024-01-05 16:00:00,1,43.18
1040,112,Chicken,2024-01-05 16:00:00,3,43.05
1040,112,Tea,2024-01-05 16:00:00,3,71.88
1041,113,Eggs,2024-01-05 17:00:00,1,72.92
1041,113,Butter,2024-01-05 17:00:00,3,142.8
1041,113,Flour,2024-01-05 17:00:00,1,33.39
1047,114,Yogurt,2024-01-05 18:00:00,1,84.69
1047,114,Milk,2024-01-05 18:00:00,1,128.18
1037,115,Coffee,2024-01-05 19:00:00,1,22.4
1037,115,Bananas,2024-01-05 19:00:00,1,81.01
1037,115,Tea,2024-01-05 19:00:00,2,106.35
1043,116,Milk,2024-01-05 20:00:00,2,143.25
1043,116,Bread,2024-01-05 20:00:00,2,146.23
1043,116,Eggs,2024-01-05 20:00:00,3,73.66
1038,117,Milk,2024-01-05 21:00:00,3,14.2
1038,117,Bread,2024-01-05 21:00:00,1,30.1
1038,117,Eggs,2024-01-05 21:00:00,2,38.26
1034,118,Cheese,2024-01-05 22:00:00,1,127.34
1034,118,Milk,2024-01-05 22:00:00,2,62.4
1034,118,Bread,2024-01-05 22:00:00,2,79.6
1034,118,Eggs,2024-01-05 22:00:00,1,126.32
1006,119,Bananas,2024-01-05 23:00:00,3,146.8
1046,120,Yogurt,2024-01-06 00:00:00,2,71.34
1046,120,Milk,2024-01-06 00:00:00,2,116.72
1046,120,Tea,2024-01-06 00:00:00,1,54.41
1035,121,Yogurt,2024-01-06 01:00:00,2,99.96
1023,122,Milk,2024-01-06 02:00:00,2,114.56
1004,123,Milk,2024-01-06 03:00:00,1,49.88
1004,123,Apples,2024-01-06 03:00:00,3,140.14
1004,123,Oranges,2024-01-06 03:00:00,3,91.33
1013,124,Milk,2024-01-06 04:00:00,2,27.06
1013,124,Bread,2024-01-06 04:00:00,3,27.25
1013,124,Eggs,2024-01-06 04:00:00,2,121.97
1042,125,Beef,2024-01-06 05:00:00,2,122.84
1042,125,Chicken,2024-01-06 05:00:00,1,62.29
1042,125,Fish,2024-01-06 05:00:00,1,98.64
1019,126,Cheese,2024-01-06 06:00:00,3,103.46
1019,126,Yogurt,2024-01-06 06:00:00,2,117.33
1019,126,Eggs,2024-01-06 06:00:00,2,73.25
1034,127,Milk,2024-01-06 07:00:00,1,40.34
1034,127,Bread,2024-01-06 07:00:00,1,34.98
1034,127,Butter,2024-01-06 07:00:00,1,99.88
1021,128,Eggs,2024-01-06 08:00:00,2,66.6
1021,128,Cheese,2024-01-06 08:00:00,2,72.41
1021,128,Butter,2024-01-06 08:00:00,1,106.94
1021,128,Flour,2024-01-06 08:00:00,3,57.75
1004,129,Sugar,2024-01-06 09:00:00,1,82.67
1004,129,Rice,2024-01-06 09:00:00,2,103.74
1022,130,Cheese,2024-01-06 10:00:00,2,17.33
1022,130,Coffee,2024-01-06 10:00:00,2,60.81
1022,130,Pasta,2024-01-06 10:00:00,3,112.29
1022,130,Tea,2024-01-06 10:00:00,2,56.7
1013,131,Eggs,2024-01-06 11:00:00,1,106.6
1013,131,Butter,2024-01-06 11:00:00,1,33.87
1013,131,Flour,2024-01-06 11:00:00,2,23.53
1008,132,Milk,2024-01-06 12:00:00,3,139.8
1008,132,Bread,2024-01-06 12:00:00,1,26.78
1008,132,Butter,2024-01-06 12:00:00,3,31.34
1002,133,Sugar,2024-01-06 13:00:00,3,43.47
1023,134,Sugar,2024-01-06 14:00:00,2,94.08
1023,134,Coffee,2024-01-06 14:00:00,3,32.65
1014,135,Sugar,2024-01-06 15:00:00,1,55.15
1014,135,Fish,2024-01-06 15:00:00,3,34.29
1014,135,Oranges,2024-01-06 15:00:00,2,41.31
1008,136,Bananas,2024-01-06 16:00:00,1,13.61
1008,136,Coffee,2024-01-06 16:00:00,1,42.56
1006,137,Sugar,2024-01-06 17:00:00,1,12.48
1006,137,Tea,2024-01-06 17:00:00,2,101.03
1034,138,Sugar,2024-01-06 18:00:00,2,39.65
1034,138,Coffee,2024-01-06 18:00:00,2,149.28
1046,139,Beef,2024-01-06 19:00:00,3,34.89
1046,139,Coffee,2024-01-06 19:00:00,1,81.32
1046,139,Chicken,2024-01-06 19:00:00,3,42.05
1046,139,Fish,2024-01-06 19:00:00,1,96.13
1038,140,Sugar,2024-01-06 20:00:00,3,111.4
1038,140,Tea,2024-01-06 20:00:00,1,134.12
1028,141,Sugar,2024-01-06 21:00:00,2,125.86
1028,141,Coffee,2024-01-06 21:00:00,1,64.19
1018,142,Rice,2024-01-06 22:00:00,1,144.34
1018,142,Butter,2024-01-06 22:00:00,1,25.36
1018,142,Eggs,2024-01-06 22:00:00,3,73.61
1017,143,Beef,2024-01-06 23:00:00,1,142.0
1017,143,Flour,2024-01-06 23:00:00,2,71.26
1017,143,Rice,2024-01-06 23:00:00,1,49.11
1008,144,Bananas,2024-01-07 00:00:00,1,15.32
1005,145,Bread,2024-01-07 01:00:00,1,102.44
1014,146,Cheese,2024-01-07 02:00:00,1,100.15
1014,146,Oranges,2024-01-07 02:00:00,2,76.96
1025,147,Coffee,2024-01-07 03:00:00,2,142.03
1025,147,Bananas,2024-01-07 03:00:00,2,139.96
1021,148,Sugar,2024-01-07 04:00:00,3,104.0
1021,148,Coffee,2024-01-07 04:00:00,2,130.59
1002,149,Flour,2024-01-07 05:00:00,1,105.94
1033,150,Milk,2024-01-07 06:00:00,3,51.66
1033,150,Bread,2024-01-07 06:00:00,3,31.22
1033,150,Tea,2024-01-07 06:00:00,2,132.27
1033,150,Eggs,2024-01-07 06:00:00,3,132.8
1016,151,Beef,2024-01-07 07:00:00,1,113.84
1016,151,Chicken,2024-01-07 07:00:00,3,148.85
1016,151,Fish,2024-01-07 07:00:00,3,66.21
1014,152,Milk,2024-01-07 08:00:00,1,144.13
1014,152,Bananas,2024-01-07 08:00:00,1,104.97
1014,152,Butter,2024-01-07 08:00:00,3,127.88
1004,153,Sugar,2024-01-07 09:00:00,3,72.81
1004,153,Coffee,2024-01-07 09:00:00,2,134.07
1040,154,Cheese,2024-01-07 10:00:00,3,10.45
1040,154,Pasta,2024-01-07 10:00:00,2,33.36
1007,155,Sugar,2024-01-07 11:00:00,1,99.93
1007,155,Tea,2024-01-07 11:00:00,1,91.2
1019,156,Sugar,2024-01-07 12:00:00,1,99.11
1019,156,Milk,2024-01-07 12:00:00,3,18.2
1019,156,Coffee,2024-01-07 12:00:00,1,114.43
1019,156,Tea,2024-01-07 12:00:00,2,109.08
1045,157,Yogurt,2024-01-07 13:00:00,1,68.97
1045,157,Tea,2024-01-07 13:00:00,3,26.57
1045,157,Flour,2024-01-07 13:00:00,2,148.76
1045,158,Pasta,2024-01-07 14:00:00,3,141.7
1045,158,Beef,2024-01-07 14:00:00,2,129.38
1045,158,Fish,2024-01-07 14:00:00,2,132.18
1046,159,Sugar,2024-01-07 15:00:00,1,115.19
1028,160,Sugar,2024-01-07 16:00:00,2,44.94
1028,160,Milk,2024-01-07 16:00:00,2,70.04
1028,160,Tea,2024-01-07 16:00:00,1,118.74
1050,161,Sugar,2024-01-07 17:00:00,1,118.06
1050,161,Coffee,2024-01-07 17:00:00,2,135.98
1050,161,Tea,2024-01-07 17:00:00,2,112.54
1007,162,Beef,2024-01-07 18:00:00,1,17.32
1007,162,Chicken,2024-01-07 18:00:00,2,112.31
1007,162,Fish,2024-01-07 18:00:00,2,147.14
1012,163,Coffee,2024-01-07 19:00:00,1,35.62
1012,163,Apples,2024-01-07 19:00:00,1,31.17
1012,163,Oranges,2024-01-07 19:00:00,3,45.14
1012,163,Bread,2024-01-07 19:00:00,3,105.73
1012,163,Bananas,2024-01-07 19:00:00,1,83.27
1043,164,Milk,2024-01-07 20:00:00,1,120.84
1043,164,Bread,2024-01-07 20:00:00,1,86.1
1043,164,Eggs,2024-01-07 20:00:00,2,41.66
1049,165,Milk,2024-01-07 21:00:00,3,132.1
1049,165,Oranges,2024-01-07 21:00:00,2,56.23
1003,166,Apples,2024-01-07 22:00:00,1,64.7
1003,166,Coffee,2024-01-07 22:00:00,3,24.77
1043,167,Yogurt,2024-01-07 23:00:00,3,71.75
1043,167,Milk,2024-01-07 23:00:00,3,38.53
1041,168,Beef,2024-01-08 00:00:00,1,98.84
1041,168,Chicken,2024-01-08 00:00:00,3,99.97
1041,168,Fish,2024-01-08 00:00:00,3,138.11
1006,169,Eggs,2024-01-08 01:00:00,2,54.35
1006,169,Butter,2024-01-08 01:00:00,3,60.83
1006,169,Flour,2024-01-08 01:00:00,3,48.77
1001,170,Coffee,2024-01-08 02:00:00,3,77.95
1033,171,Coffee,2024-01-08 03:00:00,1,125.21
1033,171,Milk,2024-01-08 03:00:00,2,21.12
1033,171,Eggs,2024-01-08 03:00:00,1,146.28
1033,171,Sugar,2024-01-08 03:00:00,1,51.51
1033,171,Bread,2024-01-08 03:00:00,2,85.71
1026,172,Oranges,2024-01-08 04:00:00,2,110.67
1047,173,Milk,2024-01-08 05:00:00,2,114.84
1047,173,Bread,2024-01-08 05:00:00,1,70.97
1047,173,Eggs,2024-01-08 05:00:00,2,113.33
1023,174,Rice,2024-01-08 06:00:00,3,57.65
1023,174,Pasta,2024-01-08 06:00:00,2,81.77
1009,175,Cheese,2024-01-08 07:00:00,3,18.27
1009,175,Pasta,2024-01-08 07:00:00,3,46.44
1009,175,Sugar,2024-01-08 07:00:00,1,132.39
1038,176,Milk,2024-01-08 08:00:00,2,131.04
1038,176,Bread,2024-01-08 08:00:00,2,63.26
1038,176,Eggs,2024-01-08 08:00:00,2,122.33
1003,177,Coffee,2024-01-08 09:00:00,2,107.9
1003,177,Milk,2024-01-08 09:00:00,1,144.79
1003,177,Butter,2024-01-08 09:00:00,3,88.29
1003,177,Cheese,2024-01-08 09:00:00,3,84.57
1003,177,Bread,2024-01-08 09:00:00,3,132.19
1025,178,Rice,2024-01-08 10:00:00,2,93.77
1025,178,Bread,2024-01-08 10:00:00,3,41.69
1025,178,Chicken,2024-01-08 10:00:00,2,114.05
1025,178,Eggs,2024-01-08 10:00:00,3,136.41
1033,179,Yogurt,2024-01-08 11:00:00,1,23.14
1038,180,Rice,2024-01-08 12:00:00,1,108.37
1038,180,Beef,2024-01-08 12:00:00,3,81.73
1038,180,Flour,2024-01-08 12:00:00,2,120.15
1042,181,Beef,2024-01-08 13:00:00,1,73.07
1042,181,Fish,2024-01-08 13:00:00,1,77.49
1020,182,Sugar,2024-01-08 14:00:00,1,82.32
1020,182,Coffee,2024-01-08 14:00:00,2,129.58
1042,183,Tea,2024-01-08 15:00:00,3,16.21
1042,183,Chicken,2024-01-08 15:00:00,1,65.58
1042,183,Fish,2024-01-08 15:00:00,1,49.84
1042,183,Eggs,2024-01-08 15:00:00,1,25.94
1042,183,Beef,2024-01-08 15:00:00,3,133.18
1011,184,Apples,2024-01-08 16:00:00,2,148.99
1011,184,Bananas,2024-01-08 16:00:00,1,140.12
1011,184,Oranges,2024-01-08 16:00:00,1,65.24
1045,185,Beef,2024-01-08 17:00:00,1,53.31
1045,185,Chicken,2024-01-08 17:00:00,1,110.58
1045,185,Fish,2024-01-08 17:00:00,2,111.0
1040,186,Sugar,2024-01-08 18:00:00,1,19.94
1040,186,Yogurt,2024-01-08 18:00:00,2,54.95
1002,187,Cheese,2024-01-08 19:00:00,1,19.3
1002,187,Coffee,2024-01-08 19:00:00,2,29.9
1045,188,Sugar,2024-01-08 20:00:00,3,16.12
1045,188,Coffee,2024-01-08 20:00:00,1,123.12
1038,189,Yogurt,2024-01-08 21:00:00,1,106.95
1038,189,Milk,2024-01-08 21:00:00,2,66.55
1030,190,Yogurt,2024-01-08 22:00:00,2,63.79
1030,190,Milk,2024-01-08 22:00:00,3,130.06
1001,191,Beef,2024-01-08 23:00:00,1,142.53
1001,191,Chicken,2024-01-08 23:00:00,3,13.56
1001,191,Pasta,2024-01-08 23:00:00,2,99.17
1031,192,Eggs,2024-01-09 00:00:00,1,29.68
1031,192,Milk,2024-01-09 00:00:00,1,41.99
1031,192,Bread,2024-01-09 00:00:00,3,84.47
1031,192,Butter,2024-01-09 00:00:00,1,63.79
1027,193,Rice,2024-01-09 01:00:00,2,65.36
1027,193,Chicken,2024-01-09 01:00:00,2,115.87
1037,194,Eggs,2024-01-09 02:00:00,2,62.47
1037,194,Butter,2024-01-09 02:00:00,3,134.38
1037,194,Flour,2024-01-09 02:00:00,2,125.74
1042,195,Rice,2024-01-09 03:00:00,2,46.31
1044,196,Milk,2024-01-09 04:00:00,1,145.3
1044,196,Bread,2024-01-09 04:00:00,3,86.28
1044,196,Butter,2024-01-09 04:00:00,1,91.27
1018,197,Sugar,2024-01-09 05:00:00,2,89.71
1018,197,Bread,2024-01-09 05:00:00,2,74.6
1018,197,Coffee,2024-01-09 05:00:00,3,65.32
1019,198,Milk,2024-01-09 06:00:00,3,144.96
1019,198,Bread,2024-01-09 06:00:00,1,93.88
1019,198,Butter,2024-01-09 06:00:00,2,84.67
1036,199,Oranges,2024-01-09 07:00:00,2,83.14
1011,200,Apples,2024-01-09 08:00:00,1,60.72
1011,200,Bananas,2024-01-09 08:00:00,1,131.18
1011,200,Oranges,2024-01-09 08:00:00,2,73.84
1035,201,Sugar,2024-01-09 09:00:00,3,25.3
1035,201,Tea,2024-01-09 09:00:00,1,71.48
1016,202,Milk,2024-01-09 10:00:00,2,56.68
1016,202,Pasta,2024-01-09 10:00:00,3,39.5
1016,202,Eggs,2024-01-09 10:00:00,1,121.08
1009,203,Bread,2024-01-09 11:00:00,3,133.82
1009,203,Pasta,2024-01-09 11:00:00,3,95.9
1014,204,Yogurt,2024-01-09 12:00:00,2,13.43
1014,204,Milk,2024-01-09 12:00:00,3,58.83
1034,205,Milk,2024-01-09 13:00:00,2,43.91
1034,205,Bread,2024-01-09 13:00:00,2,17.03
1034,205,Coffee,2024-01-09 13:00:00,2,109.42
1034,205,Eggs,2024-01-09 13:00:00,3,39.56
1019,206,Eggs,2024-01-09 14:00:00,1,116.35
1019,206,Bread,2024-01-09 14:00:00,3,134.41
1019,206,Butter,2024-01-09 14:00:00,3,131.37
1020,207,Sugar,2024-01-09 15:00:00,2,43.87
1020,207,Tea,2024-01-09 15:00:00,2,125.15
1031,208,Yogurt,2024-01-09 16:00:00,1,81.56
1031,208,Apples,2024-01-09 16:00:00,2,110.11
1029,209,Eggs,2024-01-09 17:00:00,3,125.74
1029,209,Milk,2024-01-09 17:00:00,3,47.86
1029,209,Bread,2024-01-09 17:00:00,3,131.32
1029,209,Butter,2024-01-09 17:00:00,2,134.86
1012,210,Milk,2024-01-09 18:00:00,3,22.5
1012,210,Bread,2024-01-09 18:00:00,2,15.92
1012,210,Butter,2024-01-09 18:00:00,1,64.27
1047,211,Beef,2024-01-09 19:00:00,3,45.59
1047,211,Chicken,2024-01-09 19:00:00,3,103.29
1047,211,Fish,2024-01-09 19:00:00,1,48.98
1030,212,Sugar,2024-01-09 20:00:00,1,24.75
1030,212,Tea,2024-01-09 20:00:00,3,98.81
1016,213,Eggs,2024-01-09 21:00:00,1,102.03
1036,214,Beef,2024-01-09 22:00:00,1,115.56
1036,214,Chicken,2024-01-09 22:00:00,1,51.34
1036,214,Fish,2024-01-09 22:00:00,3,27.6
1010,215,Beef,2024-01-09 23:00:00,1,47.46
1010,215,Bread,2024-01-09 23:00:00,1,106.33
1022,216,Rice,2024-01-10 00:00:00,1,27.41
1022,216,Chicken,2024-01-10 00:00:00,2,14.4
1027,217,Cheese,2024-01-10 01:00:00,2,12.37
1027,217,Butter,2024-01-10 01:00:00,3,63.56
1012,218,Cheese,2024-01-10 02:00:00,3,102.82
1012,218,Pasta,2024-01-10 02:00:00,1,146.39
1012,218,Sugar,2024-01-10 02:00:00,3,104.58
1025,219,Beef,2024-01-10 03:00:00,1,65.72
1025,219,Chicken,2024-01-10 03:00:00,3,109.42
1025,219,Fish,2024-01-10 03:00:00,1,44.52
1004,220,Apples,2024-01-10 04:00:00,2,148.63
1004,220,Bananas,2024-01-10 04:00:00,3,119.93
1004,220,Oranges,2024-01-10 04:00:00,2,100.24
1026,221,Rice,2024-01-10 05:00:00,3,29.71
1026,221,Chicken,2024-01-10 05:00:00,2,128.61
1047,222,Sugar,2024-01-10 06:00:00,2,50.67
1047,222,Bread,2024-01-10 06:00:00,1,134.62
1047,222,Coffee,2024-01-10 06:00:00,1,106.6
1034,223,Coffee,2024-01-10 07:00:00,3,59.6
1034,223,Tea,2024-01-10 07:00:00,2,105.15
1034,223,Milk,2024-01-10 07:00:00,1,96.93
1034,223,Eggs,2024-01-10 07:00:00,2,122.98
1034,223,Bread,2024-01-10 07:00:00,2,86.56
1048,224,Sugar,2024-01-10 08:00:00,3,121.04
1048,224,Bread,2024-01-10 08:00:00,3,64.86
1048,224,Coffee,2024-01-10 08:00:00,2,25.25
1026,225,Beef,2024-01-10 09:00:00,2,89.74
1026,225,Chicken,2024-01-10 09:00:00,3,74.25
1026,225,Fish,2024-01-10 09:00:00,2,93.1
1034,226,Rice,2024-01-10 10:00:00,1,144.42
1034,226,Bread,2024-01-10 10:00:00,1,143.41
1034,226,Chicken,2024-01-10 10:00:00,2,116.02
1034,226,Tea,2024-01-10 10:00:00,1,129.59
1028,227,Sugar,2024-01-10 11:00:00,2,122.67
1028,227,Apples,2024-01-10 11:00:00,1,41.09
1028,227,Butter,2024-01-10 11:00:00,2,82.06
1007,228,Fish,2024-01-10 12:00:00,1,98.96
1007,228,Oranges,2024-01-10 12:00:00,1,14.57
1014,229,Apples,2024-01-10 13:00:00,1,120.26
1014,229,Bananas,2024-01-10 13:00:00,1,88.97
1014,229,Oranges,2024-01-10 13:00:00,3,68.18
1011,230,Butter,2024-01-10 14:00:00,3,69.85
1023,231,Sugar,2024-01-10 15:00:00,2,134.44
1023,231,Cheese,2024-01-10 15:00:00,2,38.66
1023,231,Coffee,2024-01-10 15:00:00,1,45.74
1023,231,Eggs,2024-01-10 15:00:00,3,93.13
1015,232,Yogurt,2024-01-10 16:00:00,3,80.97
1015,232,Milk,2024-01-10 16:00:00,3,23.31
1031,233,Yogurt,2024-01-10 17:00:00,2,86.54
1031,233,Apples,2024-01-10 17:00:00,1,10.0
1031,233,Fish,2024-01-10 17:00:00,1,18.59
1007,234,Yogurt,2024-01-10 18:00:00,3,52.59
1007,234,Milk,2024-01-10 18:00:00,1,71.25
1014,235,Rice,2024-01-10 19:00:00,1,61.93
1014,235,Oranges,2024-01-10 19:00:00,3,149.94
1021,236,Beef,2024-01-10 20:00:00,1,63.3
1021,236,Chicken,2024-01-10 20:00:00,3,86.23
1021,236,Fish,2024-01-10 20:00:00,2,12.89
1021,237,Yogurt,2024-01-10 21:00:00,1,24.35
1021,237,Milk,2024-01-10 21:00:00,1,109.19
1021,237,Cheese,2024-01-10 21:00:00,3,61.7
1021,237,Sugar,2024-01-10 21:00:00,1,72.83
1001,238,Apples,2024-01-10 22:00:00,3,107.24
1001,238,Bananas,2024-01-10 22:00:00,3,129.07
1001,238,Oranges,2024-01-10 22:00:00,1,48.37
1015,239,Tea,2024-01-10 23:00:00,2,12.25
1001,240,Cheese,2024-01-11 00:00:00,1,110.58
1001,240,Chicken,2024-01-11 00:00:00,2,26.59
1001,240,Sugar,2024-01-11 00:00:00,2,87.38
1031,241,Eggs,2024-01-11 01:00:00,3,54.32
1031,241,Butter,2024-01-11 01:00:00,2,104.18
1031,241,Flour,2024-01-11 01:00:00,1,19.92
1016,242,Apples,2024-01-11 02:00:00,3,136.85
1016,242,Bananas,2024-01-11 02:00:00,2,44.65
1016,242,Oranges,2024-01-11 02:00:00,1,86.84
1017,243,Cheese,2024-01-11 03:00:00,2,56.77
1017,243,Pasta,2024-01-11 03:00:00,1,132.92
1050,244,Beef,2024-01-11 04:00:00,1,105.96
1050,244,Chicken,2024-01-11 04:00:00,1,20.1
1050,244,Fish,2024-01-11 04:00:00,2,62.35
1029,245,Flour,2024-01-11 05:00:00,2,35.11
1002,246,Fish,2024-01-11 06:00:00,2,106.57
1020,247,Coffee,2024-01-11 07:00:00,3,97.31
1020,247,Apples,2024-01-11 07:00:00,3,87.47
1020,247,Bananas,2024-01-11 07:00:00,1,12.12
1020,247,Oranges,2024-01-11 07:00:00,3,62.26
1048,248,Yogurt,2024-01-11 08:00:00,2,53.81
1048,248,Milk,2024-01-11 08:00:00,3,93.67
1045,249,Pasta,2024-01-11 09:00:00,3,45.43
1038,250,Milk,2024-01-11 10:00:00,1,79.73
1038,250,Bread,2024-01-11 10:00:00,3,70.7
1038,250,Butter,2024-01-11 10:00:00,3,134.61
1015,251,Yogurt,2024-01-11 11:00:00,1,81.78
1015,251,Milk,2024-01-11 11:00:00,3,11.27
1041,252,Milk,2024-01-11 12:00:00,2,108.12
1041,252,Bread,2024-01-11 12:00:00,1,22.79
1041,252,Butter,2024-01-11 12:00:00,1,124.57
1011,253,Sugar,2024-01-11 13:00:00,1,69.47
1011,253,Tea,2024-01-11 13:00:00,2,94.94
1010,254,Milk,2024-01-11 14:00:00,2,122.71
1010,254,Bread,2024-01-11 14:00:00,3,79.09
1010,254,Eggs,2024-01-11 14:00:00,3,86.2
1027,255,Eggs,2024-01-11 15:00:00,2,50.81
1027,255,Butter,2024-01-11 15:00:00,2,61.96
1027,255,Flour,2024-01-11 15:00:00,1,38.87
1040,256,Coffee,2024-01-11 16:00:00,2,100.91
1040,256,Pasta,2024-01-11 16:00:00,1,119.76
1040,256,Oranges,2024-01-11 16:00:00,2,125.46
1003,257,Milk,2024-01-11 17:00:00,2,11.61
1003,257,Eggs,2024-01-11 17:00:00,1,46.43
1003,257,Butter,2024-01-11 17:00:00,2,25.66
1003,257,Flour,2024-01-11 17:00:00,1,19.87
1003,257,Cheese,2024-01-11 17:00:00,2,141.95
1024,258,Sugar,2024-01-11 18:00:00,1,125.94
1024,258,Fish,2024-01-11 18:00:00,2,137.93
1024,258,Flour,2024-01-11 18:00:00,1,55.74
1045,259,Eggs,2024-01-11 19:00:00,3,58.84
1045,259,Bread,2024-01-11 19:00:00,1,130.23
1045,259,Butter,2024-01-11 19:00:00,2,133.81
1045,259,Flour,2024-01-11 19:00:00,3,74.66
1017,260,Rice,2024-01-11 20:00:00,3,10.28
1017,260,Bread,2024-01-11 20:00:00,2,84.46
1017,260,Chicken,2024-01-11 20:00:00,2,51.55
1032,261,Milk,2024-01-11 21:00:00,2,133.43
1032,261,Bread,2024-01-11 21:00:00,2,59.6
1032,261,Butter,2024-01-11 21:00:00,3,41.13
1009,262,Milk,2024-01-11 22:00:00,3,115.54
1009,262,Apples,2024-01-11 22:00:00,1,85.73
1009,262,Oranges,2024-01-11 22:00:00,2,67.66
1009,262,Bread,2024-01-11 22:00:00,2,34.04
1009,262,Bananas,2024-01-11 22:00:00,2,55.86
1048,263,Milk,2024-01-11 23:00:00,3,26.16
1048,263,Bread,2024-01-11 23:00:00,1,79.4
1048,263,Butter,2024-01-11 23:00:00,1,57.21
1013,264,Eggs,2024-01-12 00:00:00,1,117.07
1013,264,Butter,2024-01-12 00:00:00,3,38.6
1013,264,Flour,2024-01-12 00:00:00,1,143.2
1016,265,Bread,2024-01-12 01:00:00,1,77.91
1016,265,Fish,2024-01-12 01:00:00,3,49.97
1041,266,Sugar,2024-01-12 02:00:00,1,77.81
1041,266,Coffee,2024-01-12 02:00:00,3,20.6
1036,267,Coffee,2024-01-12 03:00:00,3,19.32
1036,267,Chicken,2024-01-12 03:00:00,1,147.44
1036,267,Fish,2024-01-12 03:00:00,2,62.57
1036,267,Beef,2024-01-12 03:00:00,1,148.49
1036,267,Sugar,2024-01-12 03:00:00,1,88.27
1031,268,Sugar,2024-01-12 04:00:00,3,140.1
1031,268,Milk,2024-01-12 04:00:00,2,40.47
1031,268,Bread,2024-01-12 04:00:00,2,127.93
1031,268,Coffee,2024-01-12 04:00:00,1,10.74
1044,269,Chicken,2024-01-12 05:00:00,1,64.13
1017,270,Rice,2024-01-12 06:00:00,3,94.76
1017,270,Chicken,2024-01-12 06:00:00,1,101.58
1010,271,Milk,2024-01-12 07:00:00,3,36.31
1047,272,Milk,2024-01-12 08:00:00,3,141.47
1047,272,Bread,2024-01-12 08:00:00,2,41.51
1047,272,Coffee,2024-01-12 08:00:00,2,47.73
1047,272,Eggs,2024-01-12 08:00:00,1,107.25
1010,273,Sugar,2024-01-12 09:00:00,3,118.75
1010,273,Tea,2024-01-12 09:00:00,3,118.92
1048,274,Coffee,2024-01-12 10:00:00,2,70.06
1048,274,Chicken,2024-01-12 10:00:00,2,134.34
1038,275,Apples,2024-01-12 11:00:00,2,128.28
1038,275,Bananas,2024-01-12 11:00:00,3,123.78
1038,275,Oranges,2024-01-12 11:00:00,1,19.42
1031,276,Sugar,2024-01-12 12:00:00,3,122.93
1031,276,Tea,2024-01-12 12:00:00,2,10.8
1011,277,Milk,2024-01-12 13:00:00,3,128.89
1011,277,Bread,2024-01-12 13:00:00,2,89.27
1011,277,Butter,2024-01-12 13:00:00,3,21.23
1043,278,Sugar,2024-01-12 14:00:00,2,88.88
1043,278,Rice,2024-01-12 14:00:00,1,131.02
1043,278,Chicken,2024-01-12 14:00:00,2,64.68
1043,278,Tea,2024-01-12 14:00:00,1,99.37
1050,279,Pasta,2024-01-12 15:00:00,2,122.62
1050,279,Oranges,2024-01-12 15:00:00,2,93.04
1018,280,Milk,2024-01-12 16:00:00,3,139.51
1018,280,Bread,2024-01-12 16:00:00,1,17.61
1018,280,Eggs,2024-01-12 16:00:00,3,107.6
1001,281,Eggs,2024-01-12 17:00:00,3,93.9
1001,281,Butter,2024-01-12 17:00:00,3,38.58
1001,281,Flour,2024-01-12 17:00:00,2,73.72
1030,282,Cheese,2024-01-12 18:00:00,2,85.03
1030,282,Milk,2024-01-12 18:00:00,2,66.26
1030,282,Eggs,2024-01-12 18:00:00,1,91.83
1030,282,Sugar,2024-01-12 18:00:00,1,48.78
1030,282,Bread,2024-01-12 18:00:00,2,91.65
1020,283,Beef,2024-01-12 19:00:00,1,69.27
1020,283,Chicken,2024-01-12 19:00:00,2,138.19
1020,283,Fish,2024-01-12 19:00:00,3,133.61
1047,284,Apples,2024-01-12 20:00:00,3,113.24
1047,284,Bananas,2024-01-12 20:00:00,3,27.53
1047,284,Oranges,2024-01-12 20:00:00,3,14.2
1046,285,Yogurt,2024-01-12 21:00:00,3,120.52
1046,285,Butter,2024-01-12 21:00:00,3,39.51
1046,285,Oranges,2024-01-12 21:00:00,2,76.49
1040,286,Tea,2024-01-12 22:00:00,3,121.76
1040,286,Chicken,2024-01-12 22:00:00,2,98.28
1040,286,Fish,2024-01-12 22:00:00,1,42.55
1040,286,Beef,2024-01-12 22:00:00,2,45.9
1040,286,Bread,2024-01-12 22:00:00,1,59.52
1028,287,Sugar,2024-01-12 23:00:00,2,122.53
1028,287,Milk,2024-01-12 23:00:00,1,76.99
1028,287,Coffee,2024-01-12 23:00:00,2,80.77
1028,287,Tea,2024-01-12 23:00:00,2,53.64
1034,288,Cheese,2024-01-13 00:00:00,1,36.7
1034,288,Apples,2024-01-13 00:00:00,1,90.4
1034,288,Bananas,2024-01-13 00:00:00,3,148.85
1034,288,Oranges,2024-01-13 00:00:00,1,130.71
1017,289,Apples,2024-01-13 01:00:00,1,141.66
1017,289,Bananas,2024-01-13 01:00:00,2,37.32
1017,289,Oranges,2024-01-13 01:00:00,2,75.92
1007,290,Rice,2024-01-13 02:00:00,1,130.37
1007,290,Chicken,2024-01-13 02:00:00,2,27.25
1040,291,Yogurt,2024-01-13 03:00:00,1,134.58
1040,291,Milk,2024-01-13 03:00:00,1,34.57
1014,292,Yogurt,2024-01-13 04:00:00,3,66.39
1014,292,Milk,2024-01-13 04:00:00,3,140.53
1035,293,Rice,2024-01-13 05:00:00,2,61.43
1035,293,Coffee,2024-01-13 05:00:00,3,57.25
1035,293,Eggs,2024-01-13 05:00:00,3,128.32
1013,294,Rice,2024-01-13 06:00:00,1,51.15
1013,294,Butter,2024-01-13 06:00:00,2,142.79
1046,295,Bananas,2024-01-13 07:00:00,2,76.6
1046,295,Tea,2024-01-13 07:00:00,3,14.26
1046,295,Butter,2024-01-13 07:00:00,1,16.36
1009,296,Sugar,2024-01-13 08:00:00,2,118.3
1009,296,Coffee,2024-01-13 08:00:00,1,17.03
1009,297,Milk,2024-01-13 09:00:00,2,149.5
1009,297,Bread,2024-01-13 09:00:00,3,115.52
1009,297,Butter,2024-01-13 09:00:00,1,57.04
1008,298,Yogurt,2024-01-13 10:00:00,3,34.29
1008,298,Milk,2024-01-13 10:00:00,1,95.51
1043,299,Sugar,2024-01-13 11:00:00,3,118.19
1043,299,Coffee,2024-01-13 11:00:00,2,104.84
1022,300,Apples,2024-01-13 12:00:00,2,54.53
1022,300,Bananas,2024-01-13 12:00:00,1,125.76
1022,300,Oranges,2024-01-13 12:00:00,2,22.26
